timestamp,transaction_id,model_task,latency_ms,prompt,output,metadata,quality_score,feedback_notes
2025-11-12 10:27:27,1d0384fd-c579-4aa6-b5fd-78040958a790,/question-answering,734.3,"Context: The customer, Rohan Sharma, placed an order on January 25, 2025 for a Samsung Galaxy Watch 6 (Graphite, 44mm) priced at ₹29,999. The payment was completed via UPI (PhonePe).The item was shipped on January 26, 2025 through BlueDart with tracking number BDX782349191IN. The current tracking status shows “In transit — delayed due to logistical issues”, with the last scan recorded on January 30, 2025 at the Bhiwandi facility (Maharashtra). The estimated delivery date is February 2, 2025, but there is no further movement for the last 48 hours. The delivery address is House No. 402, Punit Residency, Sector 9, Gandhinagar, Gujarat — 382009.No replacement or refund has been initiated so far, and this is the first complaint raised by the customer. | Question: What is the current status of the order?","“In transit — delayed due to logistical issues”,","{""answer_len"": 48, ""prompt_version"": ""N/A"", ""token_count"": 211, ""success"": true, ""model_version"": ""qa_model/v1""}",1.0,Automated check successful.
2025-11-12 10:27:32,3ab718ef-4c5b-4041-ad1c-081504806745,/summarize-text,4863.69,"Summarize the following customer service conversation. Focus on the customer's issue, agent's response, resolution offered, and any constraints mentioned:  Customer:I ordered a Logitech MX Master 3S mouse and got some random cheap mouse. Fix this. Agent:Photo of what you received? Customer:uploads image Agent:Yeah, that s definitely not the MX Master. You can: 1. Return for full refund 2.Get replacement. Choose. Customer:Replacement. But I don t want to wait forever. Agent:Replacement ships tomorrow. Arrives in 2 4 days. I ll credit ₹300 to your wallet for the inconvenience. Customer:₹300? The mouse is ₹9k. That s barely anything. Agent:It s goodwill credit, not a discount. If it matters, this is the max we give for fulfillment error. Customer:Whatever. Process it. Agent:Return pickup scheduled for tomorrow. Don t forget to hand over the incorrect item. Customer:Done. Agent:Confirmation email sent.","Customer ordered a Logitech MX Master 3S mouse and got some random cheap mouse instead. He can return it for full refund or get a replacement, but he doesn't want to wait forever. The replacement ships tomorrow and will arrive in 2 4 days. He will get a goodwill credit of ₹300 for the inconvenience.","{""summary_len"": 300, ""prompt_version"": ""v1"", ""token_count"": 286, ""success"": true, ""model_version"": ""summarizer/v1""}",1.0,Automated check successful.
2025-11-12 10:27:45,6821935c-5d8d-478d-8221-0cacdb11ef1d,/translate-text,13579.72,"ग्राहक सेवा का मुख्य उद्देश्य ग्राहकों की समस्याएँ पहचानकर उनका समाधान जल्दी और स्पष्ट तरीके से करना है। इसमें ऑर्डर की स्थिति बताना, रिटर्न और रिफंड प्रोसेस करना, गलत या खराब प्रोडक्ट की शिकायत संभालना, डिलीवरी में देरी की जानकारी देना, और वारंटी से जुड़ी सहायता प्रदान करना शामिल है। अच्छी ग्राहक सेवा ग्राहक के अनुभव को बेहतर बनाती है, ब्रांड पर भरोसा बढ़ाती है, और लंबे समय के संबंध बनाने में मदद करती है।","The main purpose of customer service is to identify customer problems and resolve them quickly and clearly. This includes reporting order status, processing returns and refunds, handling complaints of incorrect or defective products, informing of delays in delivery, and providing warranty-related support. Good customer service improves customer experience, builds brand trust, and helps build long-term relationships.","{""src"": ""hin_Deva"", ""tgt"": ""eng_Latn"", ""out_len"": 419, ""prompt_version"": ""v1"", ""token_count"": 186, ""success"": true, ""model_version"": ""translator/v1""}",1.0,Automated check successful.
2025-11-12 10:27:53,4541ab28-721c-4d87-b85f-1ecc0ae07a11,/check-item-return-eligibility,7654.28,Image file uploaded: cracked-damage-display-of-mobile-phone-background-free-photo.jpg (image/jpeg),"{'is_defective': True, 'predicted_label': 'a damaged product', 'eligible_for_return': True}","{""eligible"": true, ""predicted_label"": ""a damaged product"", ""file_size_bytes"": 648462, ""prompt_version"": ""N/A"", ""token_count"": 0, ""success"": true, ""model_version"": ""/check-item-return-eligibility""}",1.0,Detection complete. Eligible: True
2025-11-12 10:28:41,4cb13907-7112-45a8-8b1d-5fb8a0d38402,/audio-transcribe,47565.09,Audio file uploaded: Hindi Audio.wav,के रवैया का अन्मान तभी लग जाना था जब जम्मु कासमेर में बद्लाव किये गए थे चीन की हरकत का अन्मान दस महिने पहले लग जाना था,"{""file_name"": ""Hindi Audio.wav"", ""transcription_len"": 119, ""file_size_bytes"": 1707250, ""prompt_version"": ""N/A"", ""token_count"": 122, ""success"": true, ""model_version"": ""/audio-transcribe""}",0.9,Transcription/Translation output detected.
2025-11-12 10:29:36,446380b9-e2bb-4495-b5dc-a77a0962fe36,/audio-transcribe-translate,55012.94,Audio file uploaded for ASR and Translation: Hindi Audio.wav,The attitude of the Khmer Rouge was only to take hold when the Jammu and Kashmir were exchanged. China's actions were to take place 10 months ago.,"{""file_name"": ""Hindi Audio.wav"", ""translation_len"": 146, ""prompt_version"": ""v1"", ""file_size_bytes"": 1707250, ""token_count"": 201, ""success"": true, ""model_version"": ""/audio-transcribe-translate""}",0.9,Transcription/Translation output detected.
2025-11-12 12:53:13,c36377f5-e783-4a7f-8d15-48f168b744b1,/question-answering,857.21,"Context: The customer, Rohan Sharma, placed an order on January 25, 2025 for a Samsung Galaxy Watch 6 (Graphite, 44mm) priced at ₹29,999. The payment was completed via UPI (PhonePe).The item was shipped on January 26, 2025 through BlueDart with tracking number BDX782349191IN. The current tracking status shows “In transit — delayed due to logistical issues”, with the last scan recorded on January 30, 2025 at the Bhiwandi facility (Maharashtra). The estimated delivery date is February 2, 2025, but there is no further movement for the last 48 hours. The delivery address is House No. 402, Punit Residency, Sector 9, Gandhinagar, Gujarat — 382009.No replacement or refund has been initiated so far, and this is the first complaint raised by the customer. | Question: What is the current status of the order?","“In transit — delayed due to logistical issues”,","{""answer_len"": 48, ""prompt_version"": ""N/A"", ""token_count"": 211, ""success"": true, ""model_version"": ""qa_model/v1""}",1.0,Automated check successful.
2025-11-12 12:53:21,74ee5fe0-2cb0-4e96-8619-123b3946650b,/summarize-text,8563.16,"Summarize the following customer service conversation. Focus on the customer's issue, agent's response, resolution offered, and any constraints mentioned:  Customer:I ordered a Logitech MX Master 3S mouse and got some random cheap mouse. Fix this. Agent:Photo of what you received? Customer:uploads image Agent:Yeah, that s definitely not the MX Master. You can: 1. Return for full refund 2.Get replacement. Choose. Customer:Replacement. But I don t want to wait forever. Agent:Replacement ships tomorrow. Arrives in 2 4 days. I ll credit ₹300 to your wallet for the inconvenience. Customer:₹300? The mouse is ₹9k. That s barely anything. Agent:It s goodwill credit, not a discount. If it matters, this is the max we give for fulfillment error. Customer:Whatever. Process it. Agent:Return pickup scheduled for tomorrow. Don t forget to hand over the incorrect item. Customer:Done. Agent:Confirmation email sent.","Customer ordered a Logitech MX Master 3S mouse and got some random cheap mouse instead. He can return it for full refund or get a replacement, but he doesn't want to wait forever. The replacement ships tomorrow and will arrive in 2 4 days. He will get a goodwill credit of ₹300 for the inconvenience.","{""summary_len"": 300, ""prompt_version"": ""v1"", ""token_count"": 286, ""success"": true, ""model_version"": ""summarizer/v1""}",1.0,Automated check successful.
2025-11-12 12:53:33,0db7320e-34c3-41a7-ae94-a1dc77b88e11,/translate-text,12221.17,"ग्राहक सेवा का मुख्य उद्देश्य ग्राहकों की समस्याएँ पहचानकर उनका समाधान जल्दी और स्पष्ट तरीके से करना है। इसमें ऑर्डर की स्थिति बताना, रिटर्न और रिफंड प्रोसेस करना, गलत या खराब प्रोडक्ट की शिकायत संभालना, डिलीवरी में देरी की जानकारी देना, और वारंटी से जुड़ी सहायता प्रदान करना शामिल है। अच्छी ग्राहक सेवा ग्राहक के अनुभव को बेहतर बनाती है, ब्रांड पर भरोसा बढ़ाती है, और लंबे समय के संबंध बनाने में मदद करती है।","The main objective of customer service is to identify customer problems and resolve them quickly and clearly. It includes reporting order status, processing returns and refunds, handling complaints of incorrect or defective products, informing of delays in delivery, and providing warranty-related support. Good customer service improves customer experience, builds brand trust, and helps build long-term relationships.","{""src"": ""hin_Deva"", ""tgt"": ""eng_Latn"", ""out_len"": 419, ""prompt_version"": ""v1"", ""token_count"": 186, ""success"": true, ""model_version"": ""translator/v1""}",1.0,Automated check successful.
2025-11-12 12:53:42,382af658-3064-4bbf-90ca-87fe98185e26,/check-item-return-eligibility,8466.34,Image file uploaded: cracked-damage-display-of-mobile-phone-background-free-photo.jpg (image/jpeg),"{'is_defective': True, 'predicted_label': 'a damaged product', 'eligible_for_return': True}","{""eligible"": true, ""predicted_label"": ""a damaged product"", ""file_size_bytes"": 648462, ""prompt_version"": ""N/A"", ""token_count"": 0, ""success"": true, ""model_version"": ""defect_detector/v1""}",1.0,Detection complete. Eligible: True
2025-11-12 12:54:19,f88935b7-9d79-4e5b-b3ae-0e45d33917b0,/audio-transcribe,37016.05,Audio file uploaded: Hindi Audio.wav,के रवैया का अन्मान तभी लग जाना था जब जम्मु कासमेर में बद्लाव किये गए थे चीन की हरकत का अन्मान दस महिने पहले लग जाना था,"{""file_name"": ""Hindi Audio.wav"", ""transcription_len"": 119, ""file_size_bytes"": 1707250, ""prompt_version"": ""N/A"", ""token_count"": 122, ""success"": true, ""model_version"": ""asr_model/v1""}",0.9,Transcription/Translation output detected.
2025-11-12 12:55:01,96a550ac-d035-4d46-b36c-21d01523a9d1,/audio-transcribe-translate,41746.68,Audio file uploaded for ASR and Translation: Hindi Audio.wav,The attitude of the Communist Party of China had to be changed only when Jammu and Kashmir was transformed. China's actions had to be changed only ten months ago.,"{""file_name"": ""Hindi Audio.wav"", ""translation_len"": 162, ""prompt_version"": ""v1"", ""file_size_bytes"": 1707250, ""token_count"": 202, ""success"": true, ""model_version"": ""asr_translator/v1""}",0.9,Transcription/Translation output detected.
2025-11-12 13:06:38,d1b2c85e-29ac-4977-8d78-b6a5308e5c9e,/summarize-text,8304.14,"Summarize the following customer service conversation. Focus on the customer's issue, agent's response, resolution offered, and any constraints mentioned:  Customer:I ordered a Logitech MX Master 3S mouse and got some random cheap mouse. Fix this. Agent:Photo of what you received? Customer:uploads image Agent:Yeah, that s definitely not the MX Master. You can: 1. Return for full refund 2.Get replacement. Choose. Customer:Replacement. But I don t want to wait forever. Agent:Replacement ships tomorrow. Arrives in 2 4 days. I ll credit ₹300 to your wallet for the inconvenience. Customer:₹300? The mouse is ₹9k. That s barely anything. Agent:It s goodwill credit, not a discount. If it matters, this is the max we give for fulfillment error. Customer:Whatever. Process it. Agent:Return pickup scheduled for tomorrow. Don t forget to hand over the incorrect item. Customer:Done. Agent:Confirmation email sent.","Customer ordered a Logitech MX Master 3S mouse and got some random cheap mouse instead. He can return it for full refund or get a replacement, but he doesn't want to wait forever. The replacement ships tomorrow and will arrive in 2 4 days. He will get a goodwill credit of ₹300 for the inconvenience.","{""summary_len"": 300, ""prompt_version"": ""v1"", ""token_count"": 286, ""success"": true, ""model_version"": ""summarizer/v1""}",1.0,Automated check successful.
2025-11-12 13:06:46,5527365a-df42-499b-93f8-14cfcec4ee56,/summarize-text,4814.81,"Summarize the following customer service conversation. Focus on the customer's issue, agent's response, resolution offered, and any constraints mentioned:  Customer:I ordered a Logitech MX Master 3S mouse and got some random cheap mouse. Fix this. Agent:Photo of what you received? Customer:uploads image Agent:Yeah, that s definitely not the MX Master. You can: 1. Return for full refund 2.Get replacement. Choose. Customer:Replacement. But I don t want to wait forever. Agent:Replacement ships tomorrow. Arrives in 2 4 days. I ll credit ₹300 to your wallet for the inconvenience. Customer:₹300? The mouse is ₹9k. That s barely anything. Agent:It s goodwill credit, not a discount. If it matters, this is the max we give for fulfillment error. Customer:Whatever. Process it. Agent:Return pickup scheduled for tomorrow. Don t forget to hand over the incorrect item. Customer:Done. Agent:Confirmation email sent.","Customer ordered a Logitech MX Master 3S mouse and got some random cheap mouse instead. He can return it for full refund or get a replacement, but he doesn't want to wait forever. The replacement ships tomorrow and will arrive in 2 4 days. He will get a goodwill credit of ₹300 for the inconvenience.","{""summary_len"": 300, ""prompt_version"": ""v1"", ""token_count"": 286, ""success"": true, ""model_version"": ""summarizer/v1""}",1.0,Automated check successful.
2025-11-12 13:07:23,28c8420e-a544-4799-9593-a7cdac9feafc,/question-answering,718.35,"Context: The customer, Rohan Sharma, placed an order on January 25, 2025 for a Samsung Galaxy Watch 6 (Graphite, 44mm) priced at ₹29,999. The payment was completed via UPI (PhonePe).The item was shipped on January 26, 2025 through BlueDart with tracking number BDX782349191IN. The current tracking status shows “In transit — delayed due to logistical issues”, with the last scan recorded on January 30, 2025 at the Bhiwandi facility (Maharashtra). The estimated delivery date is February 2, 2025, but there is no further movement for the last 48 hours. The delivery address is House No. 402, Punit Residency, Sector 9, Gandhinagar, Gujarat — 382009.No replacement or refund has been initiated so far, and this is the first complaint raised by the customer. | Question: What is the current status of the order?","“In transit — delayed due to logistical issues”,","{""answer_len"": 48, ""prompt_version"": ""N/A"", ""token_count"": 211, ""success"": true, ""model_version"": ""qa_model/v1""}",1.0,Automated check successful.
2025-11-12 13:07:27,2e163c0b-43a5-4d47-bc67-9aeb909b4f74,/summarize-text,4515.0,"Summarize the following customer service conversation. Focus on the customer's issue, agent's response, resolution offered, and any constraints mentioned:  Customer:I ordered a Logitech MX Master 3S mouse and got some random cheap mouse. Fix this. Agent:Photo of what you received? Customer:uploads image Agent:Yeah, that s definitely not the MX Master. You can: 1. Return for full refund 2.Get replacement. Choose. Customer:Replacement. But I don t want to wait forever. Agent:Replacement ships tomorrow. Arrives in 2 4 days. I ll credit ₹300 to your wallet for the inconvenience. Customer:₹300? The mouse is ₹9k. That s barely anything. Agent:It s goodwill credit, not a discount. If it matters, this is the max we give for fulfillment error. Customer:Whatever. Process it. Agent:Return pickup scheduled for tomorrow. Don t forget to hand over the incorrect item. Customer:Done. Agent:Confirmation email sent.","Customer ordered a Logitech MX Master 3S mouse and got some random cheap mouse instead. He can return it for full refund or get a replacement, but he doesn't want to wait forever. The replacement ships tomorrow and will arrive in 2 4 days. He will get a goodwill credit of ₹300 for the inconvenience.","{""summary_len"": 300, ""prompt_version"": ""v1"", ""token_count"": 286, ""success"": true, ""model_version"": ""summarizer/v1""}",1.0,Automated check successful.
2025-11-12 13:07:40,f0bab485-c074-486d-94b0-a809ff896d9d,/translate-text,12754.78,"ग्राहक सेवा का मुख्य उद्देश्य ग्राहकों की समस्याएँ पहचानकर उनका समाधान जल्दी और स्पष्ट तरीके से करना है। इसमें ऑर्डर की स्थिति बताना, रिटर्न और रिफंड प्रोसेस करना, गलत या खराब प्रोडक्ट की शिकायत संभालना, डिलीवरी में देरी की जानकारी देना, और वारंटी से जुड़ी सहायता प्रदान करना शामिल है। अच्छी ग्राहक सेवा ग्राहक के अनुभव को बेहतर बनाती है, ब्रांड पर भरोसा बढ़ाती है, और लंबे समय के संबंध बनाने में मदद करती है।","The main objective of customer service is to identify customers' problems and resolve them quickly and clearly. It involves reporting order status, processing returns and refunds, handling complaints of incorrect or defective product, informing delayed delivery, and providing warranty-related support. Good customer service improves customer experience, builds brand trust, and helps build long-term relationships.","{""src"": ""hin_Deva"", ""tgt"": ""eng_Latn"", ""out_len"": 415, ""prompt_version"": ""v1"", ""token_count"": 186, ""success"": true, ""model_version"": ""translator/v1""}",1.0,Automated check successful.
2025-11-12 13:07:48,85bec64f-37eb-476b-be44-3e10fb479880,/check-item-return-eligibility,7638.04,Image file uploaded: cracked-damage-display-of-mobile-phone-background-free-photo.jpg (image/jpeg),"{'is_defective': True, 'predicted_label': 'a damaged product', 'eligible_for_return': True}","{""eligible"": true, ""predicted_label"": ""a damaged product"", ""file_size_bytes"": 648462, ""prompt_version"": ""N/A"", ""token_count"": 0, ""success"": true, ""model_version"": ""defect_detector/v1""}",1.0,Detection complete. Eligible: True
2025-11-12 13:08:26,eda931ba-3533-42c8-b29c-e79f2cb8ad88,/audio-transcribe,38370.9,Audio file uploaded: Hindi Audio.wav,के रवैया का अन्मान तभी लग जाना था जब जम्मु कासमेर में बद्लाव किये गए थे चीन की हरकत का अन्मान दस महिने पहले लग जाना था,"{""file_name"": ""Hindi Audio.wav"", ""transcription_len"": 119, ""file_size_bytes"": 1707250, ""prompt_version"": ""N/A"", ""token_count"": 122, ""success"": true, ""model_version"": ""asr_model/v1""}",0.9,Transcription/Translation output detected.
2025-11-12 13:09:11,27e3485a-67da-4873-b1f1-76d7261b4b80,/audio-transcribe-translate,44753.37,Audio file uploaded for ASR and Translation: Hindi Audio.wav,China's attitude should have been frowned upon only when the Jammu and Kashmir were transformed. China's attitude should have been frowned upon ten months ago.,"{""file_name"": ""Hindi Audio.wav"", ""translation_len"": 159, ""prompt_version"": ""v1"", ""file_size_bytes"": 1707250, ""token_count"": 203, ""success"": true, ""model_version"": ""asr_translator/v1""}",0.9,Transcription/Translation output detected.
2025-11-12 13:28:20,40a50e8e-38c2-4cdd-9c3a-6892ca4b5a46,/question-answering,697.9,"Context: The customer, Rohan Sharma, placed an order on January 25, 2025 for a Samsung Galaxy Watch 6 (Graphite, 44mm) priced at ₹29,999. The payment was completed via UPI (PhonePe).The item was shipped on January 26, 2025 through BlueDart with tracking number BDX782349191IN. The current tracking status shows “In transit — delayed due to logistical issues”, with the last scan recorded on January 30, 2025 at the Bhiwandi facility (Maharashtra). The estimated delivery date is February 2, 2025, but there is no further movement for the last 48 hours. The delivery address is House No. 402, Punit Residency, Sector 9, Gandhinagar, Gujarat — 382009.No replacement or refund has been initiated so far, and this is the first complaint raised by the customer. Question: What is the current status of the order?","“In transit — delayed due to logistical issues”,","{""answer_len"": 48, ""prompt_version"": ""N/A"", ""token_count"": 211, ""success"": true, ""model_version"": ""qa_model/v1""}",1.0,Automated check successful.
2025-11-12 13:28:26,533a5bc5-44db-41cb-95ea-27ade7328bdd,/summarize-text,5815.0,"Summarize the following customer service conversation. Focus on the customer's issue, agent's response, resolution offered, and any constraints mentioned:  Customer:I ordered a Logitech MX Master 3S mouse and got some random cheap mouse. Fix this. Agent:Photo of what you received? Customer:uploads image Agent:Yeah, that s definitely not the MX Master. You can: 1. Return for full refund 2.Get replacement. Choose. Customer:Replacement. But I don t want to wait forever. Agent:Replacement ships tomorrow. Arrives in 2 4 days. I ll credit ₹300 to your wallet for the inconvenience. Customer:₹300? The mouse is ₹9k. That s barely anything. Agent:It s goodwill credit, not a discount. If it matters, this is the max we give for fulfillment error. Customer:Whatever. Process it. Agent:Return pickup scheduled for tomorrow. Don t forget to hand over the incorrect item. Customer:Done. Agent:Confirmation email sent.","Customer ordered a Logitech MX Master 3S mouse and got some random cheap mouse instead. He can return it for full refund or get a replacement, but he doesn't want to wait forever. The replacement ships tomorrow and will arrive in 2 4 days. He will get a goodwill credit of ₹300 for the inconvenience.","{""summary_len"": 300, ""prompt_version"": ""v1"", ""token_count"": 286, ""success"": true, ""model_version"": ""summarizer/v1""}",1.0,Automated check successful.
2025-11-12 13:28:37,19812ae1-60d8-4faf-af6b-fa09f934dda6,/translate-text,11407.95,"ग्राहक सेवा का मुख्य उद्देश्य ग्राहकों की समस्याएँ पहचानकर उनका समाधान जल्दी और स्पष्ट तरीके से करना है। इसमें ऑर्डर की स्थिति बताना, रिटर्न और रिफंड प्रोसेस करना, गलत या खराब प्रोडक्ट की शिकायत संभालना, डिलीवरी में देरी की जानकारी देना, और वारंटी से जुड़ी सहायता प्रदान करना शामिल है। अच्छी ग्राहक सेवा ग्राहक के अनुभव को बेहतर बनाती है, ब्रांड पर भरोसा बढ़ाती है, और लंबे समय के संबंध बनाने में मदद करती है।","The main objective of customer service is to identify customer problems and resolve them quickly and clearly. It includes reporting order status, processing returns and refunds, handling complaints of incorrect or defective products, informing of delays in delivery, and providing warranty-related support. Good customer service improves customer experience, builds brand trust, and helps build long-term relationships.","{""src"": ""hin_Deva"", ""tgt"": ""eng_Latn"", ""out_len"": 419, ""prompt_version"": ""v1"", ""token_count"": 186, ""success"": true, ""model_version"": ""translator/v1""}",1.0,Automated check successful.
2025-11-12 13:28:44,307cb035-1133-497b-a147-cdebc096285c,/check-item-return-eligibility,6885.49,Image file uploaded: cracked-damage-display-of-mobile-phone-background-free-photo.jpg (image/jpeg),"{'is_defective': True, 'predicted_label': 'a damaged product', 'eligible_for_return': True}","{""eligible"": true, ""predicted_label"": ""a damaged product"", ""file_size_bytes"": 648462, ""prompt_version"": ""N/A"", ""token_count"": 0, ""success"": true, ""model_version"": ""defect_detector/v1""}",1.0,Detection complete. Eligible: True
2025-11-12 13:29:20,a6f1c3aa-2ef1-4dbc-a120-d2581403e640,/audio-transcribe,36150.64,Audio file uploaded: Hindi Audio.wav,के रवैया का अन्मान तभी लग जाना था जब जम्मु कासमेर में बद्लाव किये गए थे चीन की हरकत का अन्मान दस महिने पहले लग जाना था,"{""file_name"": ""Hindi Audio.wav"", ""transcription_len"": 119, ""file_size_bytes"": 1707250, ""prompt_version"": ""N/A"", ""token_count"": 122, ""success"": true, ""model_version"": ""asr_model/v1""}",0.9,Transcription/Translation output detected.
2025-11-12 13:29:58,09383389-9ae3-41a2-862f-d34ff3b3a728,/audio-transcribe-translate,37843.13,Audio file uploaded for ASR and Translation: Hindi Audio.wav,The attitude of the people of Jammu and Kashmir should have decreased only after the change in the country had occurred.,"{""file_name"": ""Hindi Audio.wav"", ""translation_len"": 120, ""prompt_version"": ""v1"", ""file_size_bytes"": 1707250, ""token_count"": 192, ""success"": true, ""model_version"": ""asr_translator/v1""}",0.9,Transcription/Translation output detected.
2025-11-12 13:31:15,7cfd570e-1da2-4679-8475-bf007807ba7d,/check-item-return-eligibility,6791.82,Image file uploaded: cracked-damage-display-of-mobile-phone-background-free-photo.jpg (image/jpeg),"{'is_defective': True, 'predicted_label': 'a damaged product', 'eligible_for_return': True}","{""eligible"": true, ""predicted_label"": ""a damaged product"", ""file_size_bytes"": 648462, ""prompt_version"": ""N/A"", ""token_count"": 0, ""success"": true, ""model_version"": ""defect_detector/v1""}",1.0,Detection complete. Eligible: True
2025-11-12 13:31:51,a53d3fa2-3720-41c8-8ce5-ebe117d11fff,/audio-transcribe,35634.37,Audio file uploaded: Hindi Audio.wav,के रवैया का अन्मान तभी लग जाना था जब जम्मु कासमेर में बद्लाव किये गए थे चीन की हरकत का अन्मान दस महिने पहले लग जाना था,"{""file_name"": ""Hindi Audio.wav"", ""transcription_len"": 119, ""file_size_bytes"": 1707250, ""prompt_version"": ""N/A"", ""token_count"": 122, ""success"": true, ""model_version"": ""asr_model/v1""}",0.9,Transcription/Translation output detected.
2025-11-12 13:32:31,a4629cc7-225a-4f57-b6c3-94c07953c090,/audio-transcribe-translate,40590.43,Audio file uploaded for ASR and Translation: Hindi Audio.wav,The attitude of the people of Kashmir should only have been changed when the changes in Jammu and Kashmir had taken place. The attitude of the people of China should have been changed ten months ago.,"{""file_name"": ""Hindi Audio.wav"", ""translation_len"": 199, ""prompt_version"": ""v1"", ""file_size_bytes"": 1707250, ""token_count"": 206, ""success"": true, ""model_version"": ""asr_translator/v1""}",0.9,Transcription/Translation output detected.
2025-11-12 13:37:10,8cad56e7-7d4d-4cc7-ad51-e097aafb56f0,/question-answering,674.39,"Context: The customer, Rohan Sharma, placed an order on January 25, 2025 for a Samsung Galaxy Watch 6 (Graphite, 44mm) priced at ₹29,999. The payment was completed via UPI (PhonePe).The item was shipped on January 26, 2025 through BlueDart with tracking number BDX782349191IN. The current tracking status shows “In transit — delayed due to logistical issues”, with the last scan recorded on January 30, 2025 at the Bhiwandi facility (Maharashtra). The estimated delivery date is February 2, 2025, but there is no further movement for the last 48 hours. The delivery address is House No. 402, Punit Residency, Sector 9, Gandhinagar, Gujarat — 382009.No replacement or refund has been initiated so far, and this is the first complaint raised by the customer. Question: What is the current status of the order?","“In transit — delayed due to logistical issues”,","{""answer_len"": 48, ""prompt_version"": ""N/A"", ""token_count"": 211, ""success"": true, ""model_version"": ""qa_model/v1""}",1.0,Automated check successful.
2025-11-12 14:27:37,f8639c8a-4624-4686-b29f-a67af06ee163,/summarize-text,8190.27,"Summarize the following customer service conversation. Focus on the customer's issue, agent's response, resolution offered, and any constraints mentioned:  Customer:I ordered a Logitech MX Master 3S mouse and got some random cheap mouse. Fix this. Agent:Photo of what you received? Customer:uploads image Agent:Yeah, that s definitely not the MX Master. You can: 1. Return for full refund 2.Get replacement. Choose. Customer:Replacement. But I don t want to wait forever. Agent:Replacement ships tomorrow. Arrives in 2 4 days. I ll credit ₹300 to your wallet for the inconvenience. Customer:₹300? The mouse is ₹9k. That s barely anything. Agent:It s goodwill credit, not a discount. If it matters, this is the max we give for fulfillment error. Customer:Whatever. Process it. Agent:Return pickup scheduled for tomorrow. Don t forget to hand over the incorrect item. Customer:Done. Agent:Confirmation email sent.","Customer ordered a Logitech MX Master 3S mouse and got some random cheap mouse instead. He can return it for full refund or get a replacement, but he doesn't want to wait forever. The replacement ships tomorrow and will arrive in 2 4 days. He will get a goodwill credit of ₹300 for the inconvenience.","{""summary_len"": 300, ""prompt_version"": ""v1"", ""token_count"": 286, ""success"": true, ""model_version"": ""summarizer/v1""}",1.0,Automated check successful.
2025-11-12 14:33:59,dc2e5e60-6511-4761-b2fa-c41745b06b3b,/summarize-text,4883.3,"Summarize the following customer service conversation. Focus on the customer's issue, agent's response, resolution offered, and any constraints mentioned:  Customer:I ordered a Logitech MX Master 3S mouse and got some random cheap mouse. Fix this. Agent:Photo of what you received? Customer:uploads image Agent:Yeah, that s definitely not the MX Master. You can: 1. Return for full refund 2.Get replacement. Choose. Customer:Replacement. But I don t want to wait forever. Agent:Replacement ships tomorrow. Arrives in 2 4 days. I ll credit ₹300 to your wallet for the inconvenience. Customer:₹300? The mouse is ₹9k. That s barely anything. Agent:It s goodwill credit, not a discount. If it matters, this is the max we give for fulfillment error. Customer:Whatever. Process it. Agent:Return pickup scheduled for tomorrow. Don t forget to hand over the incorrect item. Customer:Done. Agent:Confirmation email sent.","Customer ordered a Logitech MX Master 3S mouse and got some random cheap mouse instead. He can return it for full refund or get a replacement, but he doesn't want to wait forever. The replacement ships tomorrow and will arrive in 2 4 days. He will get a goodwill credit of ₹300 for the inconvenience.","{""summary_len"": 300, ""prompt_version"": ""v1"", ""token_count"": 286, ""success"": true, ""model_version"": ""summarizer/v1""}",1.0,Automated check successful.
2025-11-12 14:35:20,ec66ed81-9390-48c6-be92-4b2d1875c11d,/audio-transcribe-translate,49745.49,Audio file uploaded for ASR and Translation: Hindi Audio.wav,The attitude of the people of Jammu and Kashmir should have been frowned upon ten months ago.,"{""file_name"": ""Hindi Audio.wav"", ""translation_len"": 93, ""prompt_version"": ""v1"", ""file_size_bytes"": 1707250, ""token_count"": 187, ""success"": true, ""model_version"": ""asr_translator/v1""}",0.9,Transcription/Translation output detected.
2025-11-12 14:40:39,25cef419-b512-47c6-a2b9-302a648c0d58,/question-answering,690.21,"Context: The customer, Rohan Sharma, placed an order on January 25, 2025 for a Samsung Galaxy Watch 6 (Graphite, 44mm) priced at ₹29,999. The payment was completed via UPI (PhonePe).The item was shipped on January 26, 2025 through BlueDart with tracking number BDX782349191IN. The current tracking status shows “In transit — delayed due to logistical issues”, with the last scan recorded on January 30, 2025 at the Bhiwandi facility (Maharashtra). The estimated delivery date is February 2, 2025, but there is no further movement for the last 48 hours. The delivery address is House No. 402, Punit Residency, Sector 9, Gandhinagar, Gujarat — 382009.No replacement or refund has been initiated so far, and this is the first complaint raised by the customer. Question: What is the current status of the order?","“In transit — delayed due to logistical issues”,","{""answer_len"": 48, ""prompt_version"": ""N/A"", ""token_count"": 211, ""success"": true, ""model_version"": ""qa_model/v1""}",1.0,Automated check successful.
2025-11-12 14:41:06,43af7e97-893c-41c2-b898-89f6a4192b41,/translate-text,12745.15,"ग्राहक सेवा का मुख्य उद्देश्य ग्राहकों की समस्याएँ पहचानकर उनका समाधान जल्दी और स्पष्ट तरीके से करना है। इसमें ऑर्डर की स्थिति बताना, रिटर्न और रिफंड प्रोसेस करना, गलत या खराब प्रोडक्ट की शिकायत संभालना, डिलीवरी में देरी की जानकारी देना, और वारंटी से जुड़ी सहायता प्रदान करना शामिल है। अच्छी ग्राहक सेवा ग्राहक के अनुभव को बेहतर बनाती है, ब्रांड पर भरोसा बढ़ाती है, और लंबे समय के संबंध बनाने में मदद करती है।","The main objective of customer service is to identify customer problems and resolve them quickly and clearly. This includes reporting order status, processing returns and refunds, handling complaints of incorrect or defective products, informing of delays in delivery, and providing warranty-related support. Good customer service improves customer experience, builds brand trust, and helps build long-term relationships.","{""src"": ""hin_Deva"", ""tgt"": ""eng_Latn"", ""out_len"": 421, ""prompt_version"": ""v1"", ""token_count"": 186, ""success"": true, ""model_version"": ""translator/v1""}",1.0,Automated check successful.
2025-11-12 14:41:29,799b4d81-0bad-4fa1-9780-ec8f778e61a9,/check-item-return-eligibility,7161.67,Image file uploaded: cracked-damage-display-of-mobile-phone-background-free-photo.jpg (image/jpeg),"{'is_defective': True, 'predicted_label': 'a damaged product', 'eligible_for_return': True}","{""eligible"": true, ""predicted_label"": ""a damaged product"", ""file_size_bytes"": 648462, ""prompt_version"": ""N/A"", ""token_count"": 0, ""success"": true, ""model_version"": ""defect_detector/v1""}",1.0,Detection complete. Eligible: True
2025-11-12 14:41:39,8d6a718f-f17b-45e2-911c-980ea25179ab,/check-item-return-eligibility,3927.85,Image file uploaded: cracked-damage-display-of-mobile-phone-background-free-photo.jpg (image/jpeg),"{'is_defective': True, 'predicted_label': 'a damaged product', 'eligible_for_return': True}","{""eligible"": true, ""predicted_label"": ""a damaged product"", ""file_size_bytes"": 648462, ""prompt_version"": ""N/A"", ""token_count"": 0, ""success"": true, ""model_version"": ""defect_detector/v1""}",1.0,Detection complete. Eligible: True
2025-11-12 14:42:00,17c0a514-deef-4a13-ad9c-1517e9142aa4,/check-item-return-eligibility,4109.72,Image file uploaded: cracked-damage-display-of-mobile-phone-background-free-photo.jpg (image/jpeg),"{'is_defective': True, 'predicted_label': 'a damaged product', 'eligible_for_return': True}","{""eligible"": true, ""predicted_label"": ""a damaged product"", ""file_size_bytes"": 648462, ""prompt_version"": ""N/A"", ""token_count"": 0, ""success"": true, ""model_version"": ""defect_detector/v1""}",1.0,Detection complete. Eligible: True
2025-11-12 14:42:42,f5758b3c-179b-4989-8cf7-f5f07ccc9d64,/audio-transcribe,37496.58,Audio file uploaded: Hindi Audio.wav,के रवैया का अन्मान तभी लग जाना था जब जम्मु कासमेर में बद्लाव किये गए थे चीन की हरकत का अन्मान दस महिने पहले लग जाना था,"{""file_name"": ""Hindi Audio.wav"", ""transcription_len"": 119, ""file_size_bytes"": 1707250, ""prompt_version"": ""N/A"", ""token_count"": 122, ""success"": true, ""model_version"": ""asr_model/v1""}",0.9,Transcription/Translation output detected.
2025-11-12 14:43:26,1aae348f-b7c4-4b2f-8ae2-c546283f78be,/audio-transcribe,34586.64,Audio file uploaded: Hindi Audio.wav,के रवैया का अन्मान तभी लग जाना था जब जम्मु कासमेर में बद्लाव किये गए थे चीन की हरकत का अन्मान दस महिने पहले लग जाना था,"{""file_name"": ""Hindi Audio.wav"", ""transcription_len"": 119, ""file_size_bytes"": 1707250, ""prompt_version"": ""N/A"", ""token_count"": 122, ""success"": true, ""model_version"": ""asr_model/v1""}",0.9,Transcription/Translation output detected.
2025-11-12 15:47:33,f8eac1c7-0bf7-4a02-a75d-f200cebdd076,/question-answering,670.29,"Context: The customer, Rohan Sharma, placed an order on January 25, 2025 for a Samsung Galaxy Watch 6 (Graphite, 44mm) priced at ₹29,999. The payment was completed via UPI (PhonePe).The item was shipped on January 26, 2025 through BlueDart with tracking number BDX782349191IN. The current tracking status shows “In transit — delayed due to logistical issues”, with the last scan recorded on January 30, 2025 at the Bhiwandi facility (Maharashtra). The estimated delivery date is February 2, 2025, but there is no further movement for the last 48 hours. The delivery address is House No. 402, Punit Residency, Sector 9, Gandhinagar, Gujarat — 382009.No replacement or refund has been initiated so far, and this is the first complaint raised by the customer. Question: What is the current status of the order?","“In transit — delayed due to logistical issues”,","{""answer_len"": 48, ""prompt_version"": ""N/A"", ""token_count"": 211, ""success"": true, ""model_version"": ""qa_model/v1""}",1.0,Automated check successful.
2025-11-12 15:47:39,3a67aa35-f316-4f68-aaca-fe8f918f150c,/summarize-text,5789.29,"Summarize the following customer service conversation. Focus on the customer's issue, agent's response, resolution offered, and any constraints mentioned:  Customer:I ordered a Logitech MX Master 3S mouse and got some random cheap mouse. Fix this. Agent:Photo of what you received? Customer:uploads image Agent:Yeah, that s definitely not the MX Master. You can: 1. Return for full refund 2.Get replacement. Choose. Customer:Replacement. But I don t want to wait forever. Agent:Replacement ships tomorrow. Arrives in 2 4 days. I ll credit ₹300 to your wallet for the inconvenience. Customer:₹300? The mouse is ₹9k. That s barely anything. Agent:It s goodwill credit, not a discount. If it matters, this is the max we give for fulfillment error. Customer:Whatever. Process it. Agent:Return pickup scheduled for tomorrow. Don t forget to hand over the incorrect item. Customer:Done. Agent:Confirmation email sent.","Customer ordered a Logitech MX Master 3S mouse and got some random cheap mouse instead. He can return it for full refund or get a replacement, but he doesn't want to wait forever. The replacement ships tomorrow and will arrive in 2 4 days. He will get a goodwill credit of ₹300 for the inconvenience.","{""summary_len"": 300, ""prompt_version"": ""v1"", ""token_count"": 286, ""success"": true, ""model_version"": ""summarizer/v1""}",1.0,Automated check successful.
2025-11-12 15:47:51,b71c613e-b1d1-4af3-9288-0dba37dd4404,/translate-text,11959.46,"ग्राहक सेवा का मुख्य उद्देश्य ग्राहकों की समस्याएँ पहचानकर उनका समाधान जल्दी और स्पष्ट तरीके से करना है। इसमें ऑर्डर की स्थिति बताना, रिटर्न और रिफंड प्रोसेस करना, गलत या खराब प्रोडक्ट की शिकायत संभालना, डिलीवरी में देरी की जानकारी देना, और वारंटी से जुड़ी सहायता प्रदान करना शामिल है। अच्छी ग्राहक सेवा ग्राहक के अनुभव को बेहतर बनाती है, ब्रांड पर भरोसा बढ़ाती है, और लंबे समय के संबंध बनाने में मदद करती है।","The main objective of customer service is to identify customers' problems and resolve them quickly and clearly. This includes reporting order status, processing returns and refunds, handling complaints of incorrect or defective products, informing of delays in delivery, and providing warranty-related support. Good customer service improves customer experience, builds brand trust, and helps build long-term relationships.","{""src"": ""hin_Deva"", ""tgt"": ""eng_Latn"", ""out_len"": 423, ""prompt_version"": ""v1"", ""token_count"": 187, ""success"": true, ""model_version"": ""translator/v1""}",1.0,Automated check successful.
2025-11-12 15:47:58,6ac5d8e9-425b-4fea-aecc-fe23560db1bb,/check-item-return-eligibility,7471.82,Image file uploaded: cracked-damage-display-of-mobile-phone-background-free-photo.jpg (image/jpeg),"{'is_defective': True, 'predicted_label': 'a damaged product', 'eligible_for_return': True}","{""eligible"": true, ""predicted_label"": ""a damaged product"", ""file_size_bytes"": 648462, ""prompt_version"": ""N/A"", ""token_count"": 0, ""success"": true, ""model_version"": ""defect_detector/v1""}",1.0,Detection complete. Eligible: True
2025-11-12 15:48:33,9eb09c8f-299a-48ac-ad7c-bdf75a4aa41a,/audio-transcribe,34610.73,Audio file uploaded: Hindi Audio.wav,के रवैया का अन्मान तभी लग जाना था जब जम्मु कासमेर में बद्लाव किये गए थे चीन की हरकत का अन्मान दस महिने पहले लग जाना था,"{""file_name"": ""Hindi Audio.wav"", ""transcription_len"": 119, ""file_size_bytes"": 1707250, ""prompt_version"": ""N/A"", ""token_count"": 122, ""success"": true, ""model_version"": ""asr_model/v1""}",0.9,Transcription/Translation output detected.
2025-11-12 15:49:15,39a96912-43bf-44e5-b4ae-e7bcc5d3c8e6,/audio-transcribe-translate,41842.56,Audio file uploaded for ASR and Translation: Hindi Audio.wav,The attitude of the people of Jammu and Kashmir should have been changed only when the changes were made in Jammu and Kashmir. The attitude of the people of China should have been changed only ten months ago.,"{""file_name"": ""Hindi Audio.wav"", ""translation_len"": 208, ""prompt_version"": ""v1"", ""file_size_bytes"": 1707250, ""token_count"": 209, ""success"": true, ""model_version"": ""asr_translator/v1""}",0.9,Transcription/Translation output detected.
2025-11-12 15:50:27,1b0dcffc-c08f-4e6f-bd8d-98d6b82c1c27,/audio-transcribe-translate,41552.02,Audio file uploaded for ASR and Translation: Hindi Audio.wav,The change in attitude in Jammu and Kashmir should have taken place only ten months ago.,"{""file_name"": ""Hindi Audio.wav"", ""translation_len"": 88, ""prompt_version"": ""v1"", ""file_size_bytes"": 1707250, ""token_count"": 184, ""success"": true, ""model_version"": ""asr_translator/v1""}",0.9,Transcription/Translation output detected.
2025-11-12 15:51:49,07a7f71f-9a6a-4aaa-ab37-894613f995ae,/audio-transcribe-translate,42326.51,Audio file uploaded for ASR and Translation: Hindi Audio.wav,The attitude of the people of Kashmir should have diminished only when the changes in Jammu and Kashmir had taken place. The attitude of the people of China should have diminished only ten months ago.,"{""file_name"": ""Hindi Audio.wav"", ""translation_len"": 200, ""prompt_version"": ""v1"", ""file_size_bytes"": 1707250, ""token_count"": 207, ""success"": true, ""model_version"": ""asr_translator/v1""}",0.9,Transcription/Translation output detected.
2025-11-12 15:52:38,8b7239b7-8dae-48b1-8d8c-eb1e13137a34,/audio-transcribe-translate,42278.08,Audio file uploaded for ASR and Translation: Hindi Audio.wav,This attitude should have been blunted only when the changes in Jammu and Kashmir were implemented. China's actions should have been blunted 10 months ago.,"{""file_name"": ""Hindi Audio.wav"", ""translation_len"": 155, ""prompt_version"": ""v1"", ""file_size_bytes"": 1707250, ""token_count"": 201, ""success"": true, ""model_version"": ""asr_translator/v1""}",0.9,Transcription/Translation output detected.
2025-11-12 15:53:23,18575635-b161-418b-a555-e719ea0902cd,/audio-transcribe,34383.53,Audio file uploaded: Hindi Audio.wav,के रवैया का अन्मान तभी लग जाना था जब जम्मु कासमेर में बद्लाव किये गए थे चीन की हरकत का अन्मान दस महिने पहले लग जाना था,"{""file_name"": ""Hindi Audio.wav"", ""transcription_len"": 119, ""file_size_bytes"": 1707250, ""prompt_version"": ""N/A"", ""token_count"": 122, ""success"": true, ""model_version"": ""asr_model/v1""}",0.9,Transcription/Translation output detected.
2025-11-12 15:53:59,83e65d57-10f3-48e9-bb02-ce2ce53e20e1,/audio-transcribe,31639.24,Audio file uploaded: Hindi Audio.wav,के रवैया का अन्मान तभी लग जाना था जब जम्मु कासमेर में बद्लाव किये गए थे चीन की हरकत का अन्मान दस महिने पहले लग जाना था,"{""file_name"": ""Hindi Audio.wav"", ""transcription_len"": 119, ""file_size_bytes"": 1707250, ""prompt_version"": ""N/A"", ""token_count"": 122, ""success"": true, ""model_version"": ""asr_model/v1""}",0.9,Transcription/Translation output detected.
2025-11-12 15:54:15,97ebe215-1f9a-4577-add2-489e97648824,/summarize-text,8066.27,"Summarize the following customer service conversation. Focus on the customer's issue, agent's response, resolution offered, and any constraints mentioned:  Customer:I ordered a Logitech MX Master 3S mouse and got some random cheap mouse. Fix this. Agent:Photo of what you received? Customer:uploads image Agent:Yeah, that s definitely not the MX Master. You can: 1. Return for full refund 2.Get replacement. Choose. Customer:Replacement. But I don t want to wait forever. Agent:Replacement ships tomorrow. Arrives in 2 4 days. I ll credit ₹300 to your wallet for the inconvenience. Customer:₹300? The mouse is ₹9k. That s barely anything. Agent:It s goodwill credit, not a discount. If it matters, this is the max we give for fulfillment error. Customer:Whatever. Process it. Agent:Return pickup scheduled for tomorrow. Don t forget to hand over the incorrect item. Customer:Done. Agent:Confirmation email sent.","Customer ordered a Logitech MX Master 3S mouse and got some random cheap mouse instead. He can return it for full refund or get a replacement, but he doesn't want to wait forever. The replacement ships tomorrow and will arrive in 2 4 days. He will get a goodwill credit of ₹300 for the inconvenience.","{""summary_len"": 300, ""prompt_version"": ""v1"", ""token_count"": 286, ""success"": true, ""model_version"": ""summarizer/v1""}",1.0,Automated check successful.
2025-11-12 15:55:15,4359fc7b-bfb3-4f5c-bb33-f60c145a3941,/question-answering,762.86,"Context: The customer, Rohan Sharma, placed an order on January 25, 2025 for a Samsung Galaxy Watch 6 (Graphite, 44mm) priced at ₹29,999. The payment was completed via UPI (PhonePe).The item was shipped on January 26, 2025 through BlueDart with tracking number BDX782349191IN. The current tracking status shows “In transit — delayed due to logistical issues”, with the last scan recorded on January 30, 2025 at the Bhiwandi facility (Maharashtra). The estimated delivery date is February 2, 2025, but there is no further movement for the last 48 hours. The delivery address is House No. 402, Punit Residency, Sector 9, Gandhinagar, Gujarat — 382009.No replacement or refund has been initiated so far, and this is the first complaint raised by the customer. Question: What is the current status of the order?","“In transit — delayed due to logistical issues”,","{""answer_len"": 48, ""prompt_version"": ""N/A"", ""token_count"": 211, ""success"": true, ""model_version"": ""qa_model/v1""}",1.0,Automated check successful.
2025-11-12 15:55:27,21638ed9-4d99-4818-9575-caad2222a86f,/translate-text,11663.48,"ग्राहक सेवा का मुख्य उद्देश्य ग्राहकों की समस्याएँ पहचानकर उनका समाधान जल्दी और स्पष्ट तरीके से करना है। इसमें ऑर्डर की स्थिति बताना, रिटर्न और रिफंड प्रोसेस करना, गलत या खराब प्रोडक्ट की शिकायत संभालना, डिलीवरी में देरी की जानकारी देना, और वारंटी से जुड़ी सहायता प्रदान करना शामिल है। अच्छी ग्राहक सेवा ग्राहक के अनुभव को बेहतर बनाती है, ब्रांड पर भरोसा बढ़ाती है, और लंबे समय के संबंध बनाने में मदद करती है।","The main objective of customer service is to identify customer problems and resolve them quickly and clearly. This includes reporting order status, processing returns and refunds, handling complaints of incorrect or defective products, informing of delays in delivery, and providing warranty-related support. Good customer service improves customer experience, builds brand trust, and helps build long-term relationships.","{""src"": ""hin_Deva"", ""tgt"": ""eng_Latn"", ""out_len"": 421, ""prompt_version"": ""v1"", ""token_count"": 186, ""success"": true, ""model_version"": ""translator/v1""}",1.0,Automated check successful.
2025-11-12 15:55:35,f208e297-00e1-4063-8b30-dc603f6ce434,/check-item-return-eligibility,7643.49,Image file uploaded: cracked-damage-display-of-mobile-phone-background-free-photo.jpg (image/jpeg),"{'is_defective': True, 'predicted_label': 'a damaged product', 'eligible_for_return': True}","{""eligible"": true, ""predicted_label"": ""a damaged product"", ""file_size_bytes"": 648462, ""prompt_version"": ""N/A"", ""token_count"": 0, ""success"": true, ""model_version"": ""defect_detector/v1""}",1.0,Detection complete. Eligible: True
2025-11-12 15:56:10,148e56ac-b0cb-410d-9597-57b0cb56d4b9,/audio-transcribe,35246.7,Audio file uploaded: Hindi Audio.wav,के रवैया का अन्मान तभी लग जाना था जब जम्मु कासमेर में बद्लाव किये गए थे चीन की हरकत का अन्मान दस महिने पहले लग जाना था,"{""file_name"": ""Hindi Audio.wav"", ""transcription_len"": 119, ""file_size_bytes"": 1707250, ""prompt_version"": ""N/A"", ""token_count"": 122, ""success"": true, ""model_version"": ""asr_model/v1""}",0.9,Transcription/Translation output detected.
2025-11-12 15:56:48,d4c595eb-6ad9-473f-be4a-7528d4f585d7,/audio-transcribe-translate,38607.07,Audio file uploaded for ASR and Translation: Hindi Audio.wav,The attitude of China should have been disturbed only when the Jammu and Kashmir had been transformed. The attitude of China should have been disturbed ten months ago.,"{""file_name"": ""Hindi Audio.wav"", ""translation_len"": 167, ""prompt_version"": ""v1"", ""file_size_bytes"": 1707250, ""token_count"": 200, ""success"": true, ""model_version"": ""asr_translator/v1""}",0.9,Transcription/Translation output detected.
2025-11-12 15:57:37,7996455b-71e8-4b14-9263-2564e18c93e9,/check-item-return-eligibility,7878.23,Image file uploaded: cracked-damage-display-of-mobile-phone-background-free-photo.jpg (image/jpeg),"{'is_defective': True, 'predicted_label': 'a damaged product', 'eligible_for_return': True}","{""eligible"": true, ""predicted_label"": ""a damaged product"", ""file_size_bytes"": 648462, ""prompt_version"": ""N/A"", ""token_count"": 0, ""success"": true, ""model_version"": ""defect_detector/v1""}",1.0,Detection complete. Eligible: True
2025-11-12 15:58:11,ca9413c8-ca06-4ebd-8fc9-823f5f2212d6,/audio-transcribe,34746.64,Audio file uploaded: Hindi Audio.wav,के रवैया का अन्मान तभी लग जाना था जब जम्मु कासमेर में बद्लाव किये गए थे चीन की हरकत का अन्मान दस महिने पहले लग जाना था,"{""file_name"": ""Hindi Audio.wav"", ""transcription_len"": 119, ""file_size_bytes"": 1707250, ""prompt_version"": ""N/A"", ""token_count"": 122, ""success"": true, ""model_version"": ""asr_model/v1""}",0.9,Transcription/Translation output detected.
2025-11-12 15:58:51,fc8a9b8f-8e17-415f-945e-3aec8284f031,/audio-transcribe-translate,39580.72,Audio file uploaded for ASR and Translation: Hindi Audio.wav,The attitude of Khamenei should have been frowned upon only when the changes in Jammu and Kashmir had occurred. China's actions should have been frowned upon ten months ago.,"{""file_name"": ""Hindi Audio.wav"", ""translation_len"": 173, ""prompt_version"": ""v1"", ""file_size_bytes"": 1707250, ""token_count"": 207, ""success"": true, ""model_version"": ""asr_translator/v1""}",0.9,Transcription/Translation output detected.
2025-11-12 16:04:52,13442aa3-c2a5-4464-bbf6-c372a487fcb0,/question-answering,831.3,"Context: The customer, Rohan Sharma, placed an order on January 25, 2025 for a Samsung Galaxy Watch 6 (Graphite, 44mm) priced at ₹29,999. The payment was completed via UPI (PhonePe).The item was shipped on January 26, 2025 through BlueDart with tracking number BDX782349191IN. The current tracking status shows “In transit — delayed due to logistical issues”, with the last scan recorded on January 30, 2025 at the Bhiwandi facility (Maharashtra). The estimated delivery date is February 2, 2025, but there is no further movement for the last 48 hours. The delivery address is House No. 402, Punit Residency, Sector 9, Gandhinagar, Gujarat — 382009.No replacement or refund has been initiated so far, and this is the first complaint raised by the customer. Question: What is the current status of the order?","“In transit — delayed due to logistical issues”,","{""answer_len"": 48, ""prompt_version"": ""N/A"", ""token_count"": 211, ""success"": true, ""model_version"": ""qa_model/v1""}",1.0,Automated check successful.
2025-11-12 16:04:56,7e11bdc1-1168-49cf-a961-27242b230151,/summarize-text,4520.39,"Summarize the following customer service conversation. Focus on the customer's issue, agent's response, resolution offered, and any constraints mentioned:  Customer:I ordered a Logitech MX Master 3S mouse and got some random cheap mouse. Fix this. Agent:Photo of what you received? Customer:uploads image Agent:Yeah, that s definitely not the MX Master. You can: 1. Return for full refund 2.Get replacement. Choose. Customer:Replacement. But I don t want to wait forever. Agent:Replacement ships tomorrow. Arrives in 2 4 days. I ll credit ₹300 to your wallet for the inconvenience. Customer:₹300? The mouse is ₹9k. That s barely anything. Agent:It s goodwill credit, not a discount. If it matters, this is the max we give for fulfillment error. Customer:Whatever. Process it. Agent:Return pickup scheduled for tomorrow. Don t forget to hand over the incorrect item. Customer:Done. Agent:Confirmation email sent.","Customer ordered a Logitech MX Master 3S mouse and got some random cheap mouse instead. He can return it for full refund or get a replacement, but he doesn't want to wait forever. The replacement ships tomorrow and will arrive in 2 4 days. He will get a goodwill credit of ₹300 for the inconvenience.","{""summary_len"": 300, ""prompt_version"": ""v1"", ""token_count"": 286, ""success"": true, ""model_version"": ""summarizer/v1""}",1.0,Automated check successful.
2025-11-12 16:05:08,4a9e1ee2-505d-4d3c-b610-659105c5739d,/translate-text,11529.56,"ग्राहक सेवा का मुख्य उद्देश्य ग्राहकों की समस्याएँ पहचानकर उनका समाधान जल्दी और स्पष्ट तरीके से करना है। इसमें ऑर्डर की स्थिति बताना, रिटर्न और रिफंड प्रोसेस करना, गलत या खराब प्रोडक्ट की शिकायत संभालना, डिलीवरी में देरी की जानकारी देना, और वारंटी से जुड़ी सहायता प्रदान करना शामिल है। अच्छी ग्राहक सेवा ग्राहक के अनुभव को बेहतर बनाती है, ब्रांड पर भरोसा बढ़ाती है, और लंबे समय के संबंध बनाने में मदद करती है।","The main objective of customer service is to identify customer problems and resolve them quickly and clearly. This includes reporting order status, processing returns and refunds, handling complaints of incorrect or defective products, informing of delays in delivery, and providing warranty-related support. Good customer service improves customer experience, builds brand trust, and helps build long-term relationships.","{""src"": ""hin_Deva"", ""tgt"": ""eng_Latn"", ""out_len"": 421, ""prompt_version"": ""v1"", ""token_count"": 186, ""success"": true, ""model_version"": ""translator/v1""}",1.0,Automated check successful.
2025-11-12 16:05:16,91dc3241-e537-4f7e-aa97-c6549e41f3c6,/check-item-return-eligibility,7857.18,Image file uploaded: cracked-damage-display-of-mobile-phone-background-free-photo.jpg (image/jpeg),"{'is_defective': True, 'predicted_label': 'a damaged product', 'eligible_for_return': True}","{""eligible"": true, ""predicted_label"": ""a damaged product"", ""file_size_bytes"": 648462, ""prompt_version"": ""N/A"", ""token_count"": 0, ""success"": true, ""model_version"": ""defect_detector/v1""}",1.0,Detection complete. Eligible: True
2025-11-12 16:05:52,689f7da0-5c21-4271-ba75-df91de838b8b,/audio-transcribe,35657.08,Audio file uploaded: Hindi Audio.wav,के रवैया का अन्मान तभी लग जाना था जब जम्मु कासमेर में बद्लाव किये गए थे चीन की हरकत का अन्मान दस महिने पहले लग जाना था,"{""file_name"": ""Hindi Audio.wav"", ""transcription_len"": 119, ""file_size_bytes"": 1707250, ""prompt_version"": ""N/A"", ""token_count"": 122, ""success"": true, ""model_version"": ""asr_model/v1""}",0.9,Transcription/Translation output detected.
2025-11-12 16:06:29,f26f12b7-3adc-4c3e-96d0-2065c0eb0bb5,/audio-transcribe-translate,37866.76,Audio file uploaded for ASR and Translation: Hindi Audio.wav,The attitude of the people of Jammu and Kashmir had to be changed when the changes in Kashmir had to be changed by the action of China ten months ago.,"{""file_name"": ""Hindi Audio.wav"", ""translation_len"": 150, ""prompt_version"": ""v1"", ""file_size_bytes"": 1707250, ""token_count"": 199, ""success"": true, ""model_version"": ""asr_translator/v1""}",0.9,Transcription/Translation output detected.
2025-11-12 16:06:43,58db1a5f-ca31-4ff5-a133-855ffb972f6d,/check-item-return-eligibility,9091.2,Image file uploaded: cracked-damage-display-of-mobile-phone-background-free-photo.jpg (image/jpeg),"{'is_defective': True, 'predicted_label': 'a damaged product', 'eligible_for_return': True}","{""eligible"": true, ""predicted_label"": ""a damaged product"", ""file_size_bytes"": 648462, ""prompt_version"": ""N/A"", ""token_count"": 0, ""success"": true, ""model_version"": ""defect_detector/v1""}",1.0,Detection complete. Eligible: True
2025-11-12 16:07:13,b2f0c57f-7a30-4ced-be09-7af1cdde37cb,/audio-transcribe,30771.81,Audio file uploaded: Hindi Audio.wav,के रवैया का अन्मान तभी लग जाना था जब जम्मु कासमेर में बद्लाव किये गए थे चीन की हरकत का अन्मान दस महिने पहले लग जाना था,"{""file_name"": ""Hindi Audio.wav"", ""transcription_len"": 119, ""file_size_bytes"": 1707250, ""prompt_version"": ""N/A"", ""token_count"": 122, ""success"": true, ""model_version"": ""asr_model/v1""}",0.9,Transcription/Translation output detected.
2025-11-12 16:07:52,fdede8af-eeb9-4a71-93ae-d1b0d7ae7975,/audio-transcribe-translate,38553.96,Audio file uploaded for ASR and Translation: Hindi Audio.wav,"This attitude should only have been manifested when the changes in Jammu and Kashmir were made, and China's actions should have been manifested ten months ago.","{""file_name"": ""Hindi Audio.wav"", ""translation_len"": 159, ""prompt_version"": ""v1"", ""file_size_bytes"": 1707250, ""token_count"": 199, ""success"": true, ""model_version"": ""asr_translator/v1""}",0.9,Transcription/Translation output detected.
2025-11-12 16:08:05,a0fa9861-3561-4ea8-b466-27b58033c4fe,/check-item-return-eligibility,7477.38,Image file uploaded: cracked-damage-display-of-mobile-phone-background-free-photo.jpg (image/jpeg),"{'is_defective': True, 'predicted_label': 'a damaged product', 'eligible_for_return': True}","{""eligible"": true, ""predicted_label"": ""a damaged product"", ""file_size_bytes"": 648462, ""prompt_version"": ""N/A"", ""token_count"": 0, ""success"": true, ""model_version"": ""defect_detector/v1""}",1.0,Detection complete. Eligible: True
2025-11-12 16:08:38,a532956a-015c-4125-90dd-e1ed6068c3b2,/audio-transcribe,32852.67,Audio file uploaded: Hindi Audio.wav,के रवैया का अन्मान तभी लग जाना था जब जम्मु कासमेर में बद्लाव किये गए थे चीन की हरकत का अन्मान दस महिने पहले लग जाना था,"{""file_name"": ""Hindi Audio.wav"", ""transcription_len"": 119, ""file_size_bytes"": 1707250, ""prompt_version"": ""N/A"", ""token_count"": 122, ""success"": true, ""model_version"": ""asr_model/v1""}",0.9,Transcription/Translation output detected.
2025-11-12 16:09:19,e7171e1f-7f94-4b12-a605-260191f62731,/audio-transcribe-translate,40901.76,Audio file uploaded for ASR and Translation: Hindi Audio.wav,The attitude of the people of Kashmir should have been frowned upon only after the transformation of Jammu and Kashmir. China's actions should have been frowned upon ten months ago.,"{""file_name"": ""Hindi Audio.wav"", ""translation_len"": 181, ""prompt_version"": ""v1"", ""file_size_bytes"": 1707250, ""token_count"": 207, ""success"": true, ""model_version"": ""asr_translator/v1""}",0.9,Transcription/Translation output detected.
2025-11-12 16:10:27,3cb0163a-e164-4716-8c9c-7fd7cd234b76,/audio-transcribe-translate,51722.69,Audio file uploaded for ASR and Translation: Hindi Audio.wav,K's attitude should have been extinguished only when Jammu and Kashmir was exchanged. China's actions should have been extinguished ten months ago.,"{""file_name"": ""Hindi Audio.wav"", ""translation_len"": 147, ""prompt_version"": ""v1"", ""file_size_bytes"": 1707250, ""token_count"": 203, ""success"": true, ""model_version"": ""asr_translator/v1""}",0.9,Transcription/Translation output detected.
2025-11-12 16:10:37,f0711714-1ca9-428d-8887-645cf3155ead,/summarize-text,10002.14,"Summarize the following customer service conversation. Focus on the customer's issue, agent's response, resolution offered, and any constraints mentioned:  Customer:I ordered a Logitech MX Master 3S mouse and got some random cheap mouse. Fix this. Agent:Photo of what you received? Customer:uploads image Agent:Yeah, that s definitely not the MX Master. You can: 1. Return for full refund 2.Get replacement. Choose. Customer:Replacement. But I don t want to wait forever. Agent:Replacement ships tomorrow. Arrives in 2 4 days. I ll credit ₹300 to your wallet for the inconvenience. Customer:₹300? The mouse is ₹9k. That s barely anything. Agent:It s goodwill credit, not a discount. If it matters, this is the max we give for fulfillment error. Customer:Whatever. Process it. Agent:Return pickup scheduled for tomorrow. Don t forget to hand over the incorrect item. Customer:Done. Agent:Confirmation email sent.","Customer ordered a Logitech MX Master 3S mouse and got some random cheap mouse instead. He can return it for full refund or get a replacement, but he doesn't want to wait forever. The replacement ships tomorrow and will arrive in 2 4 days. He will get a goodwill credit of ₹300 for the inconvenience.","{""summary_len"": 300, ""prompt_version"": ""v1"", ""token_count"": 286, ""success"": true, ""model_version"": ""summarizer/v1""}",1.0,Automated check successful.
2025-11-12 16:11:44,84901aa9-ce2b-4497-97ed-2331d1a808c1,/audio-transcribe-translate,49879.47,Audio file uploaded for ASR and Translation: Hindi Audio.wav,The attitude of the Communist Party of China should have been frowned upon only after the reforms in Jammu and Kashmir had taken place. The attitude of China should have been frowned upon ten months ago.,"{""file_name"": ""Hindi Audio.wav"", ""translation_len"": 203, ""prompt_version"": ""v1"", ""file_size_bytes"": 1707250, ""token_count"": 211, ""success"": true, ""model_version"": ""asr_translator/v1""}",0.9,Transcription/Translation output detected.
2025-11-12 16:12:07,7db9be0a-33a0-4726-8aaa-5d1aabad3bab,/question-answering,787.01,"Context: The customer, Rohan Sharma, placed an order on January 25, 2025 for a Samsung Galaxy Watch 6 (Graphite, 44mm) priced at ₹29,999. The payment was completed via UPI (PhonePe).The item was shipped on January 26, 2025 through BlueDart with tracking number BDX782349191IN. The current tracking status shows “In transit — delayed due to logistical issues”, with the last scan recorded on January 30, 2025 at the Bhiwandi facility (Maharashtra). The estimated delivery date is February 2, 2025, but there is no further movement for the last 48 hours. The delivery address is House No. 402, Punit Residency, Sector 9, Gandhinagar, Gujarat — 382009.No replacement or refund has been initiated so far, and this is the first complaint raised by the customer. Question: What is the current status of the order?","“In transit — delayed due to logistical issues”,","{""answer_len"": 48, ""prompt_version"": ""N/A"", ""token_count"": 211, ""success"": true, ""model_version"": ""qa_model/v1""}",1.0,Automated check successful.
2025-11-12 16:12:43,7ac7d794-4baa-4e80-8804-2f7744a8bed3,/translate-text,11707.02,"ग्राहक सेवा का मुख्य उद्देश्य ग्राहकों की समस्याएँ पहचानकर उनका समाधान जल्दी और स्पष्ट तरीके से करना है। इसमें ऑर्डर की स्थिति बताना, रिटर्न और रिफंड प्रोसेस करना, गलत या खराब प्रोडक्ट की शिकायत संभालना, डिलीवरी में देरी की जानकारी देना, और वारंटी से जुड़ी सहायता प्रदान करना शामिल है। अच्छी ग्राहक सेवा ग्राहक के अनुभव को बेहतर बनाती है, ब्रांड पर भरोसा बढ़ाती है, और लंबे समय के संबंध बनाने में मदद करती है।","The main objective of customer service is to identify customer problems and resolve them quickly and clearly. It includes reporting order status, processing returns and refunds, handling complaints of incorrect or defective products, informing of delays in delivery, and providing warranty-related support. Good customer service improves customer experience, builds brand confidence, and helps build long-term relationships.","{""src"": ""hin_Deva"", ""tgt"": ""eng_Latn"", ""out_len"": 424, ""prompt_version"": ""v1"", ""token_count"": 186, ""success"": true, ""model_version"": ""translator/v1""}",1.0,Automated check successful.
